{"nightMode":true,"statusBarDark":false,"colors":{"colorPrimary":"#ff565656","colorAccent":"#ffda8300","textColorPrimary":"#ffe8e8e8","textColorSecondary":"#ffcbcbcb","windowBackground":"#ff3a3a3a"},"drawerStyle":{"itemTextColor":"#ffd6d6d6","itemIconTint":"#ffd0d0d0","dividerColor":"#ff8c8c8c","avatarSize":64,"avatarCornerSize":50,"headerMainTextSize":16,"headerMainTextBold":false,"headerSecondaryTextSize":12,"width":80},"indicatorStyle":{"lineColors":["#EFDC05","#2b90d9","#fe4365","#ff7473"],"titleNormalColor":"#444444","titleSelectedColor":"#03DAC5","textSize":15,"background":"#ffffff"},"toolbarStyle":{"searchBarTextColor":"#ffe4e4e4","searchBarBackgroundColor":"#ff767676","toolbarTitleSize":20,"toolbarSubtitleSize":12,"toolbarTitleBold":false}}