{"drawer":{"avatarEnabled":false,"enabled":true,"list":[[{"checked":false,"icon":"account_circle","title":"关于","type":0}],[{"checked":false,"icon":"library_music","title":"音乐","type":0}],[{"checked":false,"icon":"computer","title":"电脑版","type":0},{"checked":false,"icon":"tv","title":"CCTV","type":0},{"checked":false,"icon":"android","title":"安卓开发指南","type":0},{"checked":false,"icon":"office.png","title":"python教程","type":0},{"checked":false,"icon":"web","title":"web开发学习","type":0},{"checked":false,"icon":"web","title":"HTML学习","type":0},{"checked":false,"icon":"web","title":"CSS学习","type":0},{"checked":false,"icon":"web","title":"js学习","type":0},{"checked":false,"icon":"web","title":"web前端开发学习","type":0}],[{"checked":false,"icon":"input","title":"退出","type":0}]],"wallpaperEnabled":true},"fab":{"enabled":false,"src":"accessibility"},"toolbar":{"autoHide":true,"enabled":true,"homeButtonEnabled":true,"menus":[{"icon":"autorenew","title":"刷新","type":0},{"icon":"content_copy","title":"复制","type":0}],"searchEnabled":false,"style":0,"subTitle":"🚲","title":"神奇"},"viewPager":{"indGravity":0,"indStyle":0,"offscreenPageLimit":0,"pages":[{"indTitle":"神奇","url":"https://python3student.github.io/"}],"transformer":0,"userInputEnabled":false},"webView":{"colorMode":false,"darkMode":0,"javaScriptEnabled":true,"openOtherPageWays":2,"pcMode":false,"userAgent":"default"}}