{"drawer":{"avatarEnabled":false,"enabled":true,"headerMainText":"Music","headerSecondaryText":"曲动天下人","list":[[{"checked":true,"icon":"brightness_3","title":"夜间模式","type":1}],[{"checked":false,"icon":"info_outline","title":"关于","type":0}]],"wallpaperEnabled":false},"fab":{"enabled":true,"src":"search"},"toolbar":{"autoHide":false,"enabled":true,"homeButtonEnabled":true,"menus":[],"searchEnabled":false,"style":0,"subTitle":"曲动天下人","title":"音乐"},"viewPager":{"indGravity":0,"indStyle":0,"offscreenPageLimit":0,"pages":[],"transformer":0,"userInputEnabled":false},"webView":{"colorMode":false,"darkMode":1,"javaScriptEnabled":true,"openOtherPageWays":2,"pcMode":false,"userAgent":"default"}}