{"drawer":{"avatarEnabled":false,"enabled":false,"list":[],"wallpaperEnabled":false},"fab":{"enabled":false,"src":"add"},"toolbar":{"autoHide":false,"enabled":false,"homeButtonEnabled":false,"menus":[],"searchEnabled":false,"style":0,"subTitle":"","title":"AppBar"},"viewPager":{"indGravity":0,"indStyle":0,"offscreenPageLimit":0,"pages":[{"indTitle":"a","url":"https://python3student.github.io/"}],"transformer":0,"userInputEnabled":false},"webView":{"colorMode":false,"darkMode":1,"javaScriptEnabled":true,"openOtherPageWays":2,"pcMode":true,"userAgent":"default"}}